{
  "state": "success",
  "content": {
    "id": 1,
    "productName": "免烫高支棉条纹衬衣",
    "productDesc": "全新精品高支棉衬衫再次提升品质，精选100%新疆长绒棉织造而成，平整度好，短绒少；80-100高支双股经纬交织，带来无与伦比的舒适享受；而且面料反光效果好，具有漂亮的光泽，质感上佳，有利于免烫效果的维持。※不仅如此，深受消费者欢迎的经典款式使精品高支棉衬衫更贴合东方人身型气质，多款衬衫还采用简单且个性鲜明条纹元素，利用最为单纯的几何线条，透过条纹的粗细、宽窄间的重组，带出令人耳目一新的时尚气息，更显出俊朗男士的挺拔身型！"
  }
}